{
    "total_runtime": 0.7298898696899414,
    "num_documents": 1,
    "input_load_time": 0,
    "workflows": {
        "create_base_text_units": {
            "overall": 0.02480912208557129,
            "0_orderby": 0.0011641979217529297,
            "1_zip": 0.001383066177368164,
            "2_aggregate_override": 0.0025353431701660156,
            "3_chunk": 0.004819154739379883,
            "4_select": 0.0010499954223632812,
            "5_unroll": 0.0024008750915527344,
            "6_rename": 0.0013408660888671875,
            "7_genid": 0.002270936965942383,
            "8_unzip": 0.0016429424285888672,
            "9_copy": 0.0007948875427246094,
            "10_filter": 0.005112171173095703
        },
        "create_base_extracted_entities": {
            "overall": 0.17341089248657227,
            "0_entity_extract": 0.1712491512298584,
            "1_merge_graphs": 0.002062082290649414
        }
    }
}