{
    "total_runtime": 24.476369857788086,
    "num_documents": 1,
    "input_load_time": 0,
    "workflows": {
        "create_base_text_units": {
            "overall": 0.025858163833618164,
            "0_orderby": 0.0010139942169189453,
            "1_zip": 0.00115203857421875,
            "2_aggregate_override": 0.0025610923767089844,
            "3_chunk": 0.004609107971191406,
            "4_select": 0.0010380744934082031,
            "5_unroll": 0.0024712085723876953,
            "6_rename": 0.0011377334594726562,
            "7_genid": 0.0016810894012451172,
            "8_unzip": 0.0016129016876220703,
            "9_copy": 0.0013349056243896484,
            "10_filter": 0.006888866424560547
        },
        "create_base_extracted_entities": {
            "overall": 0.017503023147583008,
            "0_entity_extract": 0.014101982116699219,
            "1_merge_graphs": 0.0033059120178222656
        },
        "create_final_covariates": {
            "overall": 0.18677973747253418,
            "0_extract_covariates": 0.1772170066833496,
            "1_window": 0.001622915267944336,
            "2_genid": 0.0012969970703125,
            "3_convert": 0.0023767948150634766,
            "4_rename": 0.0019271373748779297,
            "5_select": 0.001965045928955078
        },
        "create_summarized_entities": {
            "overall": 0.005316972732543945,
            "0_summarize_descriptions": 0.005254983901977539
        },
        "join_text_units_to_covariate_ids": {
            "overall": 0.004428863525390625,
            "0_select": 0.0012202262878417969,
            "1_aggregate_override": 0.003122091293334961
        },
        "create_base_entity_graph": {
            "overall": 0.008729219436645508,
            "0_cluster_graph": 0.007500171661376953,
            "1_select": 0.0011301040649414062
        },
        "create_final_entities": {
            "overall": 1.1973810195922852,
            "0_unpack_graph": 0.0026569366455078125,
            "1_rename": 0.0008819103240966797,
            "2_select": 0.000843048095703125,
            "3_dedupe": 0.0009799003601074219,
            "4_rename": 0.0009429454803466797,
            "5_filter": 0.004805803298950195,
            "6_text_split": 0.0017406940460205078,
            "7_drop": 0.0011310577392578125,
            "8_merge": 0.0067272186279296875,
            "9_text_embed": 1.1707887649536133,
            "10_drop": 0.0011000633239746094,
            "11_filter": 0.004500865936279297
        },
        "create_final_nodes": {
            "overall": 0.040006160736083984,
            "0_layout_graph": 0.008960723876953125,
            "1_unpack_graph": 0.003056049346923828,
            "2_unpack_graph": 0.004091978073120117,
            "3_filter": 0.005189180374145508,
            "4_drop": 0.0014882087707519531,
            "5_select": 0.0023539066314697266,
            "6_rename": 0.0016508102416992188,
            "7_convert": 0.00287628173828125,
            "8_join": 0.00881814956665039,
            "9_rename": 0.001165628433227539
        },
        "create_final_communities": {
            "overall": 0.14078998565673828,
            "0_unpack_graph": 0.002439260482788086,
            "1_unpack_graph": 0.002254009246826172,
            "2_aggregate_override": 0.003239870071411133,
            "3_join": 0.00835108757019043,
            "4_join": 0.0727381706237793,
            "5_concat": 0.015862703323364258,
            "6_filter": 0.006125926971435547,
            "7_aggregate_override": 0.004140138626098633,
            "8_join": 0.006875276565551758,
            "9_filter": 0.01169896125793457,
            "10_fill": 0.0016269683837890625,
            "11_merge": 0.002032041549682617,
            "12_copy": 0.001068115234375,
            "13_select": 0.001135110855102539
        },
        "join_text_units_to_entity_ids": {
            "overall": 0.006081819534301758,
            "0_select": 0.0011470317840576172,
            "1_unroll": 0.002398967742919922,
            "2_aggregate_override": 0.0024271011352539062
        },
        "create_final_relationships": {
            "overall": 0.020329952239990234,
            "0_unpack_graph": 0.0023190975189208984,
            "1_filter": 0.005004167556762695,
            "2_rename": 0.0007679462432861328,
            "3_filter": 0.004248857498168945,
            "4_drop": 0.0009598731994628906,
            "5_compute_edge_combined_degree": 0.004621267318725586,
            "6_convert": 0.001260995864868164,
            "7_convert": 0.0009272098541259766
        },
        "join_text_units_to_relationship_ids": {
            "overall": 0.0073299407958984375,
            "0_select": 0.0010497570037841797,
            "1_unroll": 0.0017769336700439453,
            "2_aggregate_override": 0.003219127655029297,
            "3_select": 0.0011639595031738281
        },
        "create_final_community_reports": {
            "overall": 19.490952014923096,
            "0_prepare_community_reports_nodes": 0.0018889904022216797,
            "1_prepare_community_reports_edges": 0.0019812583923339844,
            "2_prepare_community_reports_claims": 0.002209901809692383,
            "3_restore_community_hierarchy": 0.00392603874206543,
            "4_prepare_community_reports": 0.03288769721984863,
            "5_create_community_reports": 19.44661808013916,
            "6_window": 0.0011401176452636719
        },
        "create_final_text_units": {
            "overall": 0.027361154556274414,
            "0_select": 0.0017120838165283203,
            "1_rename": 0.0011692047119140625,
            "2_join": 0.006186962127685547,
            "3_join": 0.0066030025482177734,
            "4_join": 0.006134986877441406,
            "5_aggregate_override": 0.004045963287353516,
            "6_select": 0.0012888908386230469
        },
        "create_base_documents": {
            "overall": 0.02087569236755371,
            "0_unroll": 0.0021390914916992188,
            "1_select": 0.0009169578552246094,
            "2_rename": 0.0010640621185302734,
            "3_join": 0.005779266357421875,
            "4_aggregate_override": 0.002707958221435547,
            "5_join": 0.005678892135620117,
            "6_rename": 0.0009970664978027344,
            "7_convert": 0.0013811588287353516
        },
        "create_final_documents": {
            "overall": 0.0011260509490966797,
            "0_rename": 0.0010612010955810547
        }
    }
}