{
    "total_runtime": 88.86240792274475,
    "num_documents": 2,
    "input_load_time": 0,
    "workflows": {
        "create_base_text_units": {
            "overall": 0.024318933486938477,
            "0_orderby": 0.0011022090911865234,
            "1_zip": 0.0014340877532958984,
            "2_aggregate_override": 0.0027799606323242188,
            "3_chunk": 0.005667924880981445,
            "4_select": 0.0010349750518798828,
            "5_unroll": 0.0027849674224853516,
            "6_rename": 0.0009701251983642578,
            "7_genid": 0.0015339851379394531,
            "8_unzip": 0.0013339519500732422,
            "9_copy": 0.0006709098815917969,
            "10_filter": 0.004729747772216797
        },
        "create_base_extracted_entities": {
            "overall": 0.017117023468017578,
            "0_entity_extract": 0.012979984283447266,
            "1_merge_graphs": 0.004038810729980469
        },
        "create_final_covariates": {
            "overall": 0.015747785568237305,
            "0_extract_covariates": 0.00984501838684082,
            "1_window": 0.001837015151977539,
            "2_genid": 0.0009229183197021484,
            "3_convert": 0.0009291172027587891,
            "4_rename": 0.0010271072387695312,
            "5_select": 0.001027822494506836
        },
        "create_summarized_entities": {
            "overall": 6.326733112335205,
            "0_summarize_descriptions": 6.326668977737427
        },
        "join_text_units_to_covariate_ids": {
            "overall": 0.003880023956298828,
            "0_select": 0.0010230541229248047,
            "1_aggregate_override": 0.002777099609375
        },
        "create_base_entity_graph": {
            "overall": 0.022607088088989258,
            "0_cluster_graph": 0.02143120765686035,
            "1_select": 0.00107574462890625
        },
        "create_final_entities": {
            "overall": 1.3116230964660645,
            "0_unpack_graph": 0.0026700496673583984,
            "1_rename": 0.0007951259613037109,
            "2_select": 0.0009448528289794922,
            "3_dedupe": 0.0010769367218017578,
            "4_rename": 0.0008587837219238281,
            "5_filter": 0.0069386959075927734,
            "6_text_split": 0.0015759468078613281,
            "7_drop": 0.0010471343994140625,
            "8_merge": 0.006272077560424805,
            "9_text_embed": 1.2826080322265625,
            "10_drop": 0.0010411739349365234,
            "11_filter": 0.005528926849365234
        },
        "create_final_nodes": {
            "overall": 0.04166412353515625,
            "0_layout_graph": 0.009487152099609375,
            "1_unpack_graph": 0.0031800270080566406,
            "2_unpack_graph": 0.0032401084899902344,
            "3_filter": 0.005072116851806641,
            "4_drop": 0.0011038780212402344,
            "5_select": 0.0009961128234863281,
            "6_rename": 0.0008921623229980469,
            "7_convert": 0.005204916000366211,
            "8_join": 0.01094818115234375,
            "9_rename": 0.0012290477752685547
        },
        "create_final_communities": {
            "overall": 0.05353403091430664,
            "0_unpack_graph": 0.0027000904083251953,
            "1_unpack_graph": 0.0027968883514404297,
            "2_aggregate_override": 0.0031249523162841797,
            "3_join": 0.007537126541137695,
            "4_join": 0.00789499282836914,
            "5_concat": 0.0016677379608154297,
            "6_filter": 0.006153106689453125,
            "7_aggregate_override": 0.003543853759765625,
            "8_join": 0.0069580078125,
            "9_filter": 0.005102872848510742,
            "10_fill": 0.0009827613830566406,
            "11_merge": 0.0021152496337890625,
            "12_copy": 0.0011332035064697266,
            "13_select": 0.0014221668243408203
        },
        "join_text_units_to_entity_ids": {
            "overall": 0.005769968032836914,
            "0_select": 0.0010418891906738281,
            "1_unroll": 0.0020689964294433594,
            "2_aggregate_override": 0.002565145492553711
        },
        "create_final_relationships": {
            "overall": 0.021188020706176758,
            "0_unpack_graph": 0.002531766891479492,
            "1_filter": 0.005166053771972656,
            "2_rename": 0.0008330345153808594,
            "3_filter": 0.004486083984375,
            "4_drop": 0.0010349750518798828,
            "5_compute_edge_combined_degree": 0.00466609001159668,
            "6_convert": 0.0012302398681640625,
            "7_convert": 0.0010137557983398438
        },
        "join_text_units_to_relationship_ids": {
            "overall": 0.00687098503112793,
            "0_select": 0.0010459423065185547,
            "1_unroll": 0.0018739700317382812,
            "2_aggregate_override": 0.002588987350463867,
            "3_select": 0.0012400150299072266
        },
        "create_final_community_reports": {
            "overall": 77.23529076576233,
            "0_prepare_community_reports_nodes": 0.002022981643676758,
            "1_prepare_community_reports_edges": 0.0018589496612548828,
            "2_prepare_community_reports_claims": 0.0018351078033447266,
            "3_restore_community_hierarchy": 0.00403285026550293,
            "4_prepare_community_reports": 0.03182697296142578,
            "5_create_community_reports": 77.19227504730225,
            "6_window": 0.00115203857421875
        },
        "create_final_text_units": {
            "overall": 0.025141000747680664,
            "0_select": 0.0010149478912353516,
            "1_rename": 0.0008690357208251953,
            "2_join": 0.006129026412963867,
            "3_join": 0.0065670013427734375,
            "4_join": 0.006087064743041992,
            "5_aggregate_override": 0.0031251907348632812,
            "6_select": 0.0011479854583740234
        },
        "create_base_documents": {
            "overall": 0.02628302574157715,
            "0_unroll": 0.002321004867553711,
            "1_select": 0.0017766952514648438,
            "2_rename": 0.0014247894287109375,
            "3_join": 0.009242773056030273,
            "4_aggregate_override": 0.0026900768280029297,
            "5_join": 0.0059337615966796875,
            "6_rename": 0.0010890960693359375,
            "7_convert": 0.00156402587890625
        },
        "create_final_documents": {
            "overall": 0.0009810924530029297,
            "0_rename": 0.00092315673828125
        }
    }
}